ID,y
10834,HOROZ
10835,HOROZ
10836,HOROZ
10837,HOROZ
10838,HOROZ
10839,HOROZ
10840,HOROZ
10841,HOROZ
10842,HOROZ
10843,HOROZ
10844,HOROZ
10845,HOROZ
10846,HOROZ
10847,HOROZ
10848,HOROZ
10849,HOROZ
10850,HOROZ
10851,HOROZ
10852,HOROZ
10853,HOROZ
10854,HOROZ
10855,HOROZ
10856,HOROZ
10857,HOROZ
10858,HOROZ
10859,HOROZ
10860,HOROZ
10861,HOROZ
10862,HOROZ
10863,HOROZ
10864,HOROZ
10865,HOROZ
10866,HOROZ
10867,HOROZ
10868,HOROZ
10869,HOROZ
10870,HOROZ
10871,HOROZ
10872,HOROZ
10873,HOROZ
10874,HOROZ
10875,HOROZ
10876,HOROZ
10877,HOROZ
10878,HOROZ
10879,HOROZ
10880,HOROZ
10881,HOROZ
10882,HOROZ
10883,HOROZ
10884,HOROZ
10885,HOROZ
10886,HOROZ
10887,HOROZ
10888,HOROZ
10889,HOROZ
10890,HOROZ
10891,HOROZ
10892,HOROZ
10893,HOROZ
10894,HOROZ
10895,HOROZ
10896,HOROZ
10897,HOROZ
10898,HOROZ
10899,HOROZ
10900,HOROZ
10901,HOROZ
10902,HOROZ
10903,HOROZ
10904,HOROZ
10905,HOROZ
10906,HOROZ
10907,HOROZ
10908,HOROZ
10909,HOROZ
10910,HOROZ
10911,HOROZ
10912,HOROZ
10913,HOROZ
10914,HOROZ
10915,HOROZ
10916,HOROZ
10917,HOROZ
10918,HOROZ
10919,HOROZ
10920,HOROZ
10921,HOROZ
10922,HOROZ
10923,HOROZ
10924,HOROZ
10925,HOROZ
10926,HOROZ
10927,HOROZ
10928,HOROZ
10929,HOROZ
10930,HOROZ
10931,HOROZ
10932,HOROZ
10933,HOROZ
10934,HOROZ
10935,HOROZ
10936,HOROZ
10937,HOROZ
10938,HOROZ
10939,HOROZ
10940,HOROZ
10941,HOROZ
10942,HOROZ
10943,HOROZ
10944,HOROZ
10945,HOROZ
10946,HOROZ
10947,HOROZ
10948,HOROZ
10949,HOROZ
10950,HOROZ
10951,HOROZ
10952,HOROZ
10953,HOROZ
10954,HOROZ
10955,HOROZ
10956,HOROZ
10957,HOROZ
10958,HOROZ
10959,HOROZ
10960,HOROZ
10961,HOROZ
10962,HOROZ
10963,HOROZ
10964,HOROZ
10965,HOROZ
10966,HOROZ
10967,HOROZ
10968,HOROZ
10969,HOROZ
10970,HOROZ
10971,HOROZ
10972,HOROZ
10973,HOROZ
10974,HOROZ
10975,HOROZ
10976,HOROZ
10977,HOROZ
10978,HOROZ
10979,HOROZ
10980,HOROZ
10981,HOROZ
10982,HOROZ
10983,HOROZ
10984,HOROZ
10985,HOROZ
10986,HOROZ
10987,HOROZ
10988,HOROZ
10989,HOROZ
10990,HOROZ
10991,HOROZ
10992,HOROZ
10993,HOROZ
10994,HOROZ
10995,HOROZ
10996,HOROZ
10997,HOROZ
10998,HOROZ
10999,HOROZ
11000,HOROZ
11001,HOROZ
11002,HOROZ
11003,HOROZ
11004,HOROZ
11005,HOROZ
11006,HOROZ
11007,HOROZ
11008,HOROZ
11009,HOROZ
11010,HOROZ
11011,HOROZ
11012,HOROZ
11013,HOROZ
11014,HOROZ
11015,HOROZ
11016,HOROZ
11017,HOROZ
11018,HOROZ
11019,HOROZ
11020,HOROZ
11021,HOROZ
11022,HOROZ
11023,HOROZ
11024,HOROZ
11025,HOROZ
11026,HOROZ
11027,HOROZ
11028,HOROZ
11029,HOROZ
11030,HOROZ
11031,HOROZ
11032,HOROZ
11033,HOROZ
11034,HOROZ
11035,HOROZ
11036,HOROZ
11037,HOROZ
11038,HOROZ
11039,HOROZ
11040,HOROZ
11041,HOROZ
11042,HOROZ
11043,HOROZ
11044,HOROZ
11045,HOROZ
11046,HOROZ
11047,HOROZ
11048,HOROZ
11049,HOROZ
11050,HOROZ
11051,HOROZ
11052,HOROZ
11053,HOROZ
11054,HOROZ
11055,HOROZ
11056,HOROZ
11057,HOROZ
11058,HOROZ
11059,HOROZ
11060,HOROZ
11061,HOROZ
11062,HOROZ
11063,HOROZ
11064,HOROZ
11065,HOROZ
11066,HOROZ
11067,HOROZ
11068,HOROZ
11069,HOROZ
11070,HOROZ
11071,HOROZ
11072,HOROZ
11073,HOROZ
11074,HOROZ
11075,HOROZ
11076,HOROZ
11077,HOROZ
11078,HOROZ
11079,HOROZ
11080,HOROZ
11081,HOROZ
11082,HOROZ
11083,HOROZ
11084,HOROZ
11085,HOROZ
11086,HOROZ
11087,HOROZ
11088,HOROZ
11089,HOROZ
11090,HOROZ
11091,HOROZ
11092,HOROZ
11093,HOROZ
11094,HOROZ
11095,HOROZ
11096,HOROZ
11097,HOROZ
11098,HOROZ
11099,HOROZ
11100,HOROZ
11101,HOROZ
11102,HOROZ
11103,HOROZ
11104,HOROZ
11105,HOROZ
11106,HOROZ
11107,HOROZ
11108,HOROZ
11109,HOROZ
11110,HOROZ
11111,HOROZ
11112,HOROZ
11113,HOROZ
11114,HOROZ
11115,HOROZ
11116,HOROZ
11117,HOROZ
11118,HOROZ
11119,HOROZ
11120,HOROZ
11121,HOROZ
11122,HOROZ
11123,HOROZ
11124,HOROZ
11125,HOROZ
11126,HOROZ
11127,HOROZ
11128,HOROZ
11129,HOROZ
11130,HOROZ
11131,HOROZ
11132,HOROZ
11133,HOROZ
11134,HOROZ
11135,HOROZ
11136,HOROZ
11137,HOROZ
11138,HOROZ
11139,HOROZ
11140,HOROZ
11141,HOROZ
11142,HOROZ
11143,HOROZ
11144,HOROZ
11145,HOROZ
11146,HOROZ
11147,HOROZ
11148,HOROZ
11149,HOROZ
11150,HOROZ
11151,HOROZ
11152,HOROZ
11153,HOROZ
11154,HOROZ
11155,HOROZ
11156,HOROZ
11157,HOROZ
11158,HOROZ
11159,HOROZ
11160,HOROZ
11161,HOROZ
11162,HOROZ
11163,HOROZ
11164,HOROZ
11165,HOROZ
11166,HOROZ
11167,HOROZ
11168,HOROZ
11169,HOROZ
11170,HOROZ
11171,HOROZ
11172,HOROZ
11173,HOROZ
11174,HOROZ
11175,HOROZ
11176,HOROZ
11177,HOROZ
11178,HOROZ
11179,HOROZ
11180,HOROZ
11181,HOROZ
11182,HOROZ
11183,HOROZ
11184,HOROZ
11185,HOROZ
11186,HOROZ
11187,HOROZ
11188,HOROZ
11189,HOROZ
11190,HOROZ
11191,HOROZ
11192,HOROZ
11193,HOROZ
11194,HOROZ
11195,HOROZ
11196,HOROZ
11197,HOROZ
11198,HOROZ
11199,HOROZ
11200,HOROZ
11201,HOROZ
11202,HOROZ
11203,HOROZ
11204,HOROZ
11205,HOROZ
11206,HOROZ
11207,HOROZ
11208,HOROZ
11209,HOROZ
11210,HOROZ
11211,HOROZ
11212,HOROZ
11213,HOROZ
11214,HOROZ
11215,HOROZ
11216,HOROZ
11217,HOROZ
11218,HOROZ
11219,HOROZ
11220,HOROZ
11221,HOROZ
11222,HOROZ
11223,HOROZ
11224,HOROZ
11225,HOROZ
11226,HOROZ
11227,HOROZ
11228,HOROZ
11229,HOROZ
11230,HOROZ
11231,HOROZ
11232,HOROZ
11233,HOROZ
11234,HOROZ
11235,HOROZ
11236,HOROZ
11237,HOROZ
11238,HOROZ
11239,HOROZ
11240,HOROZ
11241,HOROZ
11242,HOROZ
11243,HOROZ
11244,HOROZ
11245,HOROZ
11246,HOROZ
11247,HOROZ
11248,HOROZ
11249,HOROZ
11250,HOROZ
11251,HOROZ
11252,HOROZ
11253,HOROZ
11254,HOROZ
11255,HOROZ
11256,HOROZ
11257,HOROZ
11258,HOROZ
11259,HOROZ
11260,HOROZ
11261,HOROZ
11262,HOROZ
11263,HOROZ
11264,HOROZ
11265,HOROZ
11266,HOROZ
11267,HOROZ
11268,HOROZ
11269,HOROZ
11270,HOROZ
11271,HOROZ
11272,HOROZ
11273,HOROZ
11274,HOROZ
11275,HOROZ
11276,HOROZ
11277,HOROZ
11278,HOROZ
11279,HOROZ
11280,HOROZ
11281,HOROZ
11282,HOROZ
11283,HOROZ
11284,HOROZ
11285,HOROZ
11286,HOROZ
11287,HOROZ
11288,HOROZ
11289,HOROZ
11290,HOROZ
11291,HOROZ
11292,HOROZ
11293,HOROZ
11294,HOROZ
11295,HOROZ
11296,HOROZ
11297,HOROZ
11298,HOROZ
11299,HOROZ
11300,HOROZ
11301,HOROZ
11302,HOROZ
11303,HOROZ
11304,HOROZ
11305,HOROZ
11306,HOROZ
11307,HOROZ
11308,HOROZ
11309,HOROZ
11310,HOROZ
11311,HOROZ
11312,HOROZ
11313,HOROZ
11314,HOROZ
11315,HOROZ
11316,HOROZ
11317,HOROZ
11318,HOROZ
11319,HOROZ
11320,HOROZ
11321,HOROZ
11322,HOROZ
11323,HOROZ
11324,HOROZ
11325,HOROZ
11326,HOROZ
11327,HOROZ
11328,HOROZ
11329,HOROZ
11330,HOROZ
11331,HOROZ
11332,HOROZ
11333,HOROZ
11334,HOROZ
11335,HOROZ
11336,HOROZ
11337,HOROZ
11338,HOROZ
11339,HOROZ
11340,HOROZ
11341,HOROZ
11342,HOROZ
11343,HOROZ
11344,HOROZ
11345,HOROZ
11346,HOROZ
11347,HOROZ
11348,HOROZ
11349,HOROZ
11350,HOROZ
11351,HOROZ
11352,HOROZ
11353,HOROZ
11354,HOROZ
11355,HOROZ
11356,HOROZ
11357,HOROZ
11358,HOROZ
11359,HOROZ
11360,HOROZ
11361,HOROZ
11362,HOROZ
11363,HOROZ
11364,HOROZ
11365,HOROZ
11366,HOROZ
11367,HOROZ
11368,HOROZ
11369,HOROZ
11370,HOROZ
11371,HOROZ
11372,HOROZ
11373,HOROZ
11374,HOROZ
11375,HOROZ
11376,HOROZ
11377,HOROZ
11378,HOROZ
11379,HOROZ
11380,HOROZ
11381,HOROZ
11382,HOROZ
11383,HOROZ
11384,HOROZ
11385,HOROZ
11386,HOROZ
11387,HOROZ
11388,HOROZ
11389,HOROZ
11390,HOROZ
11391,HOROZ
11392,HOROZ
11393,HOROZ
11394,HOROZ
11395,HOROZ
11396,HOROZ
11397,HOROZ
11398,HOROZ
11399,HOROZ
11400,HOROZ
11401,HOROZ
11402,HOROZ
11403,HOROZ
11404,HOROZ
11405,HOROZ
11406,HOROZ
11407,HOROZ
11408,HOROZ
11409,HOROZ
11410,HOROZ
11411,HOROZ
11412,HOROZ
11413,HOROZ
11414,HOROZ
11415,HOROZ
11416,HOROZ
11417,HOROZ
11418,HOROZ
11419,HOROZ
11420,HOROZ
11421,HOROZ
11422,HOROZ
11423,HOROZ
11424,HOROZ
11425,HOROZ
11426,HOROZ
11427,HOROZ
11428,HOROZ
11429,HOROZ
11430,HOROZ
11431,HOROZ
11432,HOROZ
11433,HOROZ
11434,HOROZ
11435,HOROZ
11436,HOROZ
11437,HOROZ
11438,HOROZ
11439,HOROZ
11440,HOROZ
11441,HOROZ
11442,HOROZ
11443,HOROZ
11444,HOROZ
11445,HOROZ
11446,HOROZ
11447,HOROZ
11448,HOROZ
11449,HOROZ
11450,HOROZ
11451,HOROZ
11452,HOROZ
11453,HOROZ
11454,HOROZ
11455,HOROZ
11456,HOROZ
11457,HOROZ
11458,HOROZ
11459,HOROZ
11460,HOROZ
11461,HOROZ
11462,HOROZ
11463,HOROZ
11464,HOROZ
11465,HOROZ
11466,HOROZ
11467,HOROZ
11468,HOROZ
11469,HOROZ
11470,HOROZ
11471,HOROZ
11472,HOROZ
11473,HOROZ
11474,HOROZ
11475,HOROZ
11476,HOROZ
11477,HOROZ
11478,HOROZ
11479,HOROZ
11480,HOROZ
11481,HOROZ
11482,HOROZ
11483,HOROZ
11484,HOROZ
11485,HOROZ
11486,HOROZ
11487,HOROZ
11488,HOROZ
11489,HOROZ
11490,HOROZ
11491,HOROZ
11492,HOROZ
11493,HOROZ
11494,HOROZ
11495,HOROZ
11496,HOROZ
11497,HOROZ
11498,HOROZ
11499,HOROZ
11500,HOROZ
11501,HOROZ
11502,HOROZ
11503,HOROZ
11504,HOROZ
11505,HOROZ
11506,HOROZ
11507,HOROZ
11508,HOROZ
11509,HOROZ
11510,HOROZ
11511,HOROZ
11512,HOROZ
11513,HOROZ
11514,HOROZ
11515,HOROZ
11516,HOROZ
11517,HOROZ
11518,HOROZ
11519,HOROZ
11520,HOROZ
11521,HOROZ
11522,HOROZ
11523,HOROZ
11524,HOROZ
11525,HOROZ
11526,HOROZ
11527,HOROZ
11528,HOROZ
11529,HOROZ
11530,HOROZ
11531,HOROZ
11532,HOROZ
11533,HOROZ
11534,HOROZ
11535,HOROZ
11536,HOROZ
11537,HOROZ
11538,HOROZ
11539,HOROZ
11540,HOROZ
11541,HOROZ
11542,HOROZ
11543,HOROZ
11544,HOROZ
11545,HOROZ
11546,HOROZ
11547,HOROZ
11548,HOROZ
11549,HOROZ
11550,HOROZ
11551,HOROZ
11552,HOROZ
11553,HOROZ
11554,HOROZ
11555,HOROZ
11556,HOROZ
11557,HOROZ
11558,HOROZ
11559,HOROZ
11560,HOROZ
11561,HOROZ
11562,HOROZ
11563,HOROZ
11564,HOROZ
11565,HOROZ
11566,HOROZ
11567,HOROZ
11568,HOROZ
11569,HOROZ
11570,HOROZ
11571,HOROZ
11572,HOROZ
11573,HOROZ
11574,HOROZ
11575,HOROZ
11576,HOROZ
11577,HOROZ
11578,HOROZ
11579,HOROZ
11580,HOROZ
11581,HOROZ
11582,HOROZ
11583,HOROZ
11584,HOROZ
11585,HOROZ
11586,HOROZ
11587,HOROZ
11588,HOROZ
11589,HOROZ
11590,HOROZ
11591,HOROZ
11592,HOROZ
11593,HOROZ
11594,HOROZ
11595,HOROZ
11596,HOROZ
11597,HOROZ
11598,HOROZ
11599,HOROZ
11600,HOROZ
11601,HOROZ
11602,HOROZ
11603,HOROZ
11604,HOROZ
11605,HOROZ
11606,HOROZ
11607,HOROZ
11608,HOROZ
11609,HOROZ
11610,HOROZ
11611,HOROZ
11612,HOROZ
11613,HOROZ
11614,HOROZ
11615,HOROZ
11616,HOROZ
11617,HOROZ
11618,HOROZ
11619,HOROZ
11620,HOROZ
11621,HOROZ
11622,HOROZ
11623,HOROZ
11624,HOROZ
11625,HOROZ
11626,HOROZ
11627,HOROZ
11628,HOROZ
11629,HOROZ
11630,HOROZ
11631,HOROZ
11632,HOROZ
11633,HOROZ
11634,HOROZ
11635,HOROZ
11636,HOROZ
11637,HOROZ
11638,HOROZ
11639,HOROZ
11640,HOROZ
11641,HOROZ
11642,HOROZ
11643,HOROZ
11644,HOROZ
11645,HOROZ
11646,HOROZ
11647,HOROZ
11648,HOROZ
11649,HOROZ
11650,HOROZ
11651,HOROZ
11652,HOROZ
11653,HOROZ
11654,HOROZ
11655,HOROZ
11656,HOROZ
11657,HOROZ
11658,HOROZ
11659,HOROZ
11660,HOROZ
11661,HOROZ
11662,HOROZ
11663,HOROZ
11664,HOROZ
11665,HOROZ
11666,HOROZ
11667,HOROZ
11668,HOROZ
11669,HOROZ
11670,HOROZ
11671,HOROZ
11672,HOROZ
11673,HOROZ
11674,HOROZ
11675,HOROZ
11676,HOROZ
11677,HOROZ
11678,HOROZ
11679,HOROZ
11680,HOROZ
11681,HOROZ
11682,HOROZ
11683,HOROZ
11684,HOROZ
11685,HOROZ
11686,HOROZ
11687,HOROZ
11688,HOROZ
11689,HOROZ
11690,HOROZ
11691,HOROZ
11692,HOROZ
11693,HOROZ
11694,HOROZ
11695,HOROZ
11696,HOROZ
11697,HOROZ
11698,HOROZ
11699,HOROZ
11700,HOROZ
11701,HOROZ
11702,HOROZ
11703,HOROZ
11704,HOROZ
11705,HOROZ
11706,HOROZ
11707,HOROZ
11708,HOROZ
11709,HOROZ
11710,HOROZ
11711,HOROZ
11712,HOROZ
11713,HOROZ
11714,HOROZ
11715,HOROZ
11716,HOROZ
11717,HOROZ
11718,HOROZ
11719,HOROZ
11720,HOROZ
11721,HOROZ
11722,HOROZ
11723,HOROZ
11724,HOROZ
11725,HOROZ
11726,HOROZ
11727,HOROZ
11728,HOROZ
11729,HOROZ
11730,HOROZ
11731,HOROZ
11732,HOROZ
11733,HOROZ
11734,HOROZ
11735,HOROZ
11736,HOROZ
11737,HOROZ
11738,HOROZ
11739,HOROZ
11740,HOROZ
11741,HOROZ
11742,HOROZ
11743,HOROZ
11744,HOROZ
11745,HOROZ
11746,HOROZ
11747,HOROZ
11748,HOROZ
11749,HOROZ
11750,HOROZ
11751,HOROZ
11752,HOROZ
11753,HOROZ
11754,HOROZ
11755,HOROZ
11756,HOROZ
11757,HOROZ
11758,HOROZ
11759,HOROZ
11760,HOROZ
11761,HOROZ
11762,HOROZ
11763,HOROZ
11764,HOROZ
11765,HOROZ
11766,HOROZ
11767,HOROZ
11768,HOROZ
11769,HOROZ
11770,HOROZ
11771,HOROZ
11772,HOROZ
11773,HOROZ
11774,HOROZ
11775,HOROZ
11776,HOROZ
11777,HOROZ
11778,HOROZ
11779,HOROZ
11780,HOROZ
11781,HOROZ
11782,HOROZ
11783,HOROZ
11784,HOROZ
11785,HOROZ
11786,HOROZ
11787,HOROZ
11788,HOROZ
11789,HOROZ
11790,HOROZ
11791,HOROZ
11792,HOROZ
11793,HOROZ
11794,HOROZ
11795,HOROZ
11796,HOROZ
11797,HOROZ
11798,HOROZ
11799,HOROZ
11800,HOROZ
11801,HOROZ
11802,HOROZ
11803,HOROZ
11804,HOROZ
11805,HOROZ
11806,HOROZ
11807,HOROZ
11808,HOROZ
11809,HOROZ
11810,HOROZ
11811,HOROZ
11812,HOROZ
11813,HOROZ
11814,HOROZ
11815,HOROZ
11816,HOROZ
11817,HOROZ
11818,HOROZ
11819,HOROZ
11820,HOROZ
11821,HOROZ
11822,HOROZ
11823,HOROZ
11824,HOROZ
11825,HOROZ
11826,HOROZ
11827,HOROZ
11828,HOROZ
11829,HOROZ
11830,HOROZ
11831,HOROZ
11832,HOROZ
11833,HOROZ
11834,HOROZ
11835,HOROZ
11836,HOROZ
11837,HOROZ
11838,HOROZ
11839,HOROZ
11840,HOROZ
11841,HOROZ
11842,HOROZ
11843,HOROZ
11844,HOROZ
11845,HOROZ
11846,HOROZ
11847,HOROZ
11848,HOROZ
11849,HOROZ
11850,HOROZ
11851,HOROZ
11852,HOROZ
11853,HOROZ
11854,HOROZ
11855,HOROZ
11856,HOROZ
11857,HOROZ
11858,HOROZ
11859,HOROZ
11860,HOROZ
11861,HOROZ
11862,HOROZ
11863,HOROZ
11864,HOROZ
11865,HOROZ
11866,HOROZ
11867,HOROZ
11868,HOROZ
11869,HOROZ
11870,HOROZ
11871,HOROZ
11872,HOROZ
11873,HOROZ
11874,HOROZ
11875,HOROZ
11876,HOROZ
11877,HOROZ
11878,HOROZ
11879,HOROZ
11880,HOROZ
11881,HOROZ
11882,HOROZ
11883,HOROZ
11884,HOROZ
11885,HOROZ
11886,HOROZ
11887,HOROZ
11888,HOROZ
11889,HOROZ
11890,HOROZ
11891,HOROZ
11892,HOROZ
11893,HOROZ
11894,HOROZ
11895,HOROZ
11896,HOROZ
11897,HOROZ
11898,HOROZ
11899,HOROZ
11900,HOROZ
11901,HOROZ
11902,HOROZ
11903,HOROZ
11904,HOROZ
11905,HOROZ
11906,HOROZ
11907,HOROZ
11908,HOROZ
11909,HOROZ
11910,HOROZ
11911,HOROZ
11912,HOROZ
11913,HOROZ
11914,HOROZ
11915,HOROZ
11916,HOROZ
11917,HOROZ
11918,HOROZ
11919,HOROZ
11920,HOROZ
11921,HOROZ
11922,HOROZ
11923,HOROZ
11924,HOROZ
11925,HOROZ
11926,HOROZ
11927,HOROZ
11928,HOROZ
11929,HOROZ
11930,HOROZ
11931,HOROZ
11932,HOROZ
11933,HOROZ
11934,HOROZ
11935,HOROZ
11936,HOROZ
11937,HOROZ
11938,HOROZ
11939,HOROZ
11940,HOROZ
11941,HOROZ
11942,HOROZ
11943,HOROZ
11944,HOROZ
11945,HOROZ
11946,HOROZ
11947,HOROZ
11948,HOROZ
11949,HOROZ
11950,HOROZ
11951,HOROZ
11952,HOROZ
11953,HOROZ
11954,HOROZ
11955,HOROZ
11956,HOROZ
11957,HOROZ
11958,HOROZ
11959,HOROZ
11960,HOROZ
11961,HOROZ
11962,HOROZ
11963,HOROZ
11964,HOROZ
11965,HOROZ
11966,HOROZ
11967,HOROZ
11968,HOROZ
11969,HOROZ
11970,HOROZ
11971,HOROZ
11972,HOROZ
11973,HOROZ
11974,HOROZ
11975,HOROZ
11976,HOROZ
11977,HOROZ
11978,HOROZ
11979,HOROZ
11980,HOROZ
11981,HOROZ
11982,HOROZ
11983,HOROZ
11984,HOROZ
11985,HOROZ
11986,HOROZ
11987,HOROZ
11988,HOROZ
11989,HOROZ
11990,HOROZ
11991,HOROZ
11992,HOROZ
11993,HOROZ
11994,HOROZ
11995,HOROZ
11996,HOROZ
11997,HOROZ
11998,HOROZ
11999,HOROZ
12000,HOROZ
12001,HOROZ
12002,HOROZ
12003,HOROZ
12004,HOROZ
12005,HOROZ
12006,HOROZ
12007,HOROZ
12008,HOROZ
12009,HOROZ
12010,HOROZ
12011,HOROZ
12012,HOROZ
12013,HOROZ
12014,HOROZ
12015,HOROZ
12016,HOROZ
12017,HOROZ
12018,HOROZ
12019,HOROZ
12020,HOROZ
12021,HOROZ
12022,HOROZ
12023,HOROZ
12024,HOROZ
12025,HOROZ
12026,HOROZ
12027,HOROZ
12028,HOROZ
12029,HOROZ
12030,HOROZ
12031,HOROZ
12032,HOROZ
12033,HOROZ
12034,HOROZ
12035,HOROZ
12036,HOROZ
12037,HOROZ
12038,HOROZ
12039,HOROZ
12040,HOROZ
12041,HOROZ
12042,HOROZ
12043,HOROZ
12044,HOROZ
12045,HOROZ
12046,HOROZ
12047,HOROZ
12048,HOROZ
12049,HOROZ
12050,HOROZ
12051,HOROZ
12052,HOROZ
12053,HOROZ
12054,HOROZ
12055,HOROZ
12056,HOROZ
12057,HOROZ
12058,HOROZ
12059,HOROZ
12060,HOROZ
12061,HOROZ
12062,HOROZ
12063,HOROZ
12064,HOROZ
12065,HOROZ
12066,HOROZ
12067,HOROZ
12068,HOROZ
12069,HOROZ
12070,HOROZ
12071,HOROZ
12072,HOROZ
12073,HOROZ
12074,HOROZ
12075,HOROZ
12076,HOROZ
12077,HOROZ
12078,HOROZ
12079,HOROZ
12080,HOROZ
12081,HOROZ
12082,HOROZ
12083,HOROZ
12084,HOROZ
12085,HOROZ
12086,HOROZ
12087,HOROZ
12088,HOROZ
12089,HOROZ
12090,HOROZ
12091,HOROZ
12092,HOROZ
12093,HOROZ
12094,HOROZ
12095,HOROZ
12096,HOROZ
12097,HOROZ
12098,HOROZ
12099,HOROZ
12100,HOROZ
12101,HOROZ
12102,HOROZ
12103,HOROZ
12104,HOROZ
12105,HOROZ
12106,HOROZ
12107,HOROZ
12108,HOROZ
12109,HOROZ
12110,HOROZ
12111,HOROZ
12112,HOROZ
12113,HOROZ
12114,HOROZ
12115,HOROZ
12116,HOROZ
12117,HOROZ
12118,HOROZ
12119,HOROZ
12120,HOROZ
12121,HOROZ
12122,HOROZ
12123,HOROZ
12124,HOROZ
12125,HOROZ
12126,HOROZ
12127,HOROZ
12128,HOROZ
12129,HOROZ
12130,HOROZ
12131,HOROZ
12132,HOROZ
12133,HOROZ
12134,HOROZ
12135,HOROZ
12136,HOROZ
12137,HOROZ
12138,HOROZ
12139,HOROZ
12140,HOROZ
12141,HOROZ
12142,HOROZ
12143,HOROZ
12144,HOROZ
12145,HOROZ
12146,HOROZ
12147,HOROZ
12148,HOROZ
12149,HOROZ
12150,HOROZ
12151,HOROZ
12152,HOROZ
12153,HOROZ
12154,HOROZ
12155,HOROZ
12156,HOROZ
12157,HOROZ
12158,HOROZ
12159,HOROZ
12160,HOROZ
12161,HOROZ
12162,HOROZ
12163,HOROZ
12164,HOROZ
12165,HOROZ
12166,HOROZ
12167,HOROZ
12168,HOROZ
12169,HOROZ
12170,HOROZ
12171,HOROZ
12172,HOROZ
12173,HOROZ
12174,HOROZ
12175,HOROZ
12176,HOROZ
12177,HOROZ
12178,HOROZ
12179,HOROZ
12180,HOROZ
12181,HOROZ
12182,HOROZ
12183,HOROZ
12184,HOROZ
12185,HOROZ
12186,HOROZ
12187,HOROZ
12188,HOROZ
12189,HOROZ
12190,HOROZ
12191,HOROZ
12192,HOROZ
12193,HOROZ
12194,HOROZ
12195,HOROZ
12196,HOROZ
12197,HOROZ
12198,HOROZ
12199,HOROZ
12200,HOROZ
12201,HOROZ
12202,HOROZ
12203,HOROZ
12204,HOROZ
12205,HOROZ
12206,HOROZ
12207,HOROZ
12208,HOROZ
12209,HOROZ
12210,HOROZ
12211,HOROZ
12212,HOROZ
12213,HOROZ
12214,HOROZ
12215,HOROZ
12216,HOROZ
12217,HOROZ
12218,HOROZ
12219,HOROZ
12220,HOROZ
12221,HOROZ
12222,HOROZ
12223,HOROZ
12224,HOROZ
12225,HOROZ
12226,HOROZ
12227,HOROZ
12228,HOROZ
12229,HOROZ
12230,HOROZ
12231,HOROZ
12232,HOROZ
12233,HOROZ
12234,HOROZ
12235,HOROZ
12236,HOROZ
12237,HOROZ
12238,HOROZ
12239,HOROZ
12240,HOROZ
12241,HOROZ
12242,HOROZ
12243,HOROZ
12244,HOROZ
12245,HOROZ
12246,HOROZ
12247,HOROZ
12248,HOROZ
12249,HOROZ
12250,HOROZ
12251,HOROZ
12252,HOROZ
12253,HOROZ
12254,HOROZ
12255,HOROZ
12256,HOROZ
12257,HOROZ
12258,HOROZ
12259,HOROZ
12260,HOROZ
12261,HOROZ
12262,HOROZ
12263,HOROZ
12264,HOROZ
12265,HOROZ
12266,HOROZ
12267,HOROZ
12268,HOROZ
12269,HOROZ
12270,HOROZ
12271,HOROZ
12272,HOROZ
12273,HOROZ
12274,HOROZ
12275,HOROZ
12276,HOROZ
12277,HOROZ
12278,HOROZ
12279,HOROZ
12280,HOROZ
12281,HOROZ
12282,HOROZ
12283,HOROZ
12284,HOROZ
12285,HOROZ
12286,HOROZ
12287,HOROZ
12288,HOROZ
12289,HOROZ
12290,HOROZ
12291,HOROZ
12292,HOROZ
12293,HOROZ
12294,HOROZ
12295,HOROZ
12296,HOROZ
12297,HOROZ
12298,HOROZ
12299,HOROZ
12300,HOROZ
12301,HOROZ
12302,HOROZ
12303,HOROZ
12304,HOROZ
12305,HOROZ
12306,HOROZ
12307,HOROZ
12308,HOROZ
12309,HOROZ
12310,HOROZ
12311,HOROZ
12312,HOROZ
12313,HOROZ
12314,HOROZ
12315,HOROZ
12316,HOROZ
12317,HOROZ
12318,HOROZ
12319,HOROZ
12320,HOROZ
12321,HOROZ
12322,HOROZ
12323,HOROZ
12324,HOROZ
12325,HOROZ
12326,HOROZ
12327,HOROZ
12328,HOROZ
12329,HOROZ
12330,HOROZ
12331,HOROZ
12332,HOROZ
12333,HOROZ
12334,HOROZ
12335,HOROZ
12336,HOROZ
12337,HOROZ
12338,HOROZ
12339,HOROZ
12340,HOROZ
12341,HOROZ
12342,HOROZ
12343,HOROZ
12344,HOROZ
12345,HOROZ
12346,HOROZ
12347,HOROZ
12348,HOROZ
12349,HOROZ
12350,HOROZ
12351,HOROZ
12352,HOROZ
12353,HOROZ
12354,HOROZ
12355,HOROZ
12356,HOROZ
12357,HOROZ
12358,HOROZ
12359,HOROZ
12360,HOROZ
12361,HOROZ
12362,HOROZ
12363,HOROZ
12364,HOROZ
12365,HOROZ
12366,HOROZ
12367,HOROZ
12368,HOROZ
12369,HOROZ
12370,HOROZ
12371,HOROZ
12372,HOROZ
12373,HOROZ
12374,HOROZ
12375,HOROZ
12376,HOROZ
12377,HOROZ
12378,HOROZ
12379,HOROZ
12380,HOROZ
12381,HOROZ
12382,HOROZ
12383,HOROZ
12384,HOROZ
12385,HOROZ
12386,HOROZ
12387,HOROZ
12388,HOROZ
12389,HOROZ
12390,HOROZ
12391,HOROZ
12392,HOROZ
12393,HOROZ
12394,HOROZ
12395,HOROZ
12396,HOROZ
12397,HOROZ
12398,HOROZ
12399,HOROZ
12400,HOROZ
12401,HOROZ
12402,HOROZ
12403,HOROZ
12404,HOROZ
12405,HOROZ
12406,HOROZ
12407,HOROZ
12408,HOROZ
12409,HOROZ
12410,HOROZ
12411,HOROZ
12412,HOROZ
12413,HOROZ
12414,HOROZ
12415,HOROZ
12416,HOROZ
12417,HOROZ
12418,HOROZ
12419,HOROZ
12420,HOROZ
12421,HOROZ
12422,HOROZ
12423,HOROZ
12424,HOROZ
12425,HOROZ
12426,HOROZ
12427,HOROZ
12428,HOROZ
12429,HOROZ
12430,HOROZ
12431,HOROZ
12432,HOROZ
12433,HOROZ
12434,HOROZ
12435,HOROZ
12436,HOROZ
12437,HOROZ
12438,HOROZ
12439,HOROZ
12440,HOROZ
12441,HOROZ
12442,HOROZ
12443,HOROZ
12444,HOROZ
12445,HOROZ
12446,HOROZ
12447,HOROZ
12448,HOROZ
12449,HOROZ
12450,HOROZ
12451,HOROZ
12452,HOROZ
12453,HOROZ
12454,HOROZ
12455,HOROZ
12456,HOROZ
12457,HOROZ
12458,HOROZ
12459,HOROZ
12460,HOROZ
12461,HOROZ
12462,HOROZ
12463,HOROZ
12464,HOROZ
12465,HOROZ
12466,HOROZ
12467,HOROZ
12468,HOROZ
12469,HOROZ
12470,HOROZ
12471,HOROZ
12472,HOROZ
12473,HOROZ
12474,HOROZ
12475,HOROZ
12476,HOROZ
12477,HOROZ
12478,HOROZ
12479,HOROZ
12480,HOROZ
12481,HOROZ
12482,HOROZ
12483,HOROZ
12484,HOROZ
12485,HOROZ
12486,HOROZ
12487,HOROZ
12488,HOROZ
12489,HOROZ
12490,HOROZ
12491,HOROZ
12492,HOROZ
12493,HOROZ
12494,HOROZ
12495,HOROZ
12496,HOROZ
12497,HOROZ
12498,HOROZ
12499,HOROZ
12500,HOROZ
12501,HOROZ
12502,HOROZ
12503,HOROZ
12504,HOROZ
12505,HOROZ
12506,HOROZ
12507,HOROZ
12508,HOROZ
12509,HOROZ
12510,HOROZ
12511,HOROZ
12512,HOROZ
12513,HOROZ
12514,HOROZ
12515,HOROZ
12516,HOROZ
12517,HOROZ
12518,HOROZ
12519,HOROZ
12520,HOROZ
12521,HOROZ
12522,HOROZ
12523,HOROZ
12524,HOROZ
12525,HOROZ
12526,HOROZ
12527,HOROZ
12528,HOROZ
12529,HOROZ
12530,HOROZ
12531,HOROZ
12532,HOROZ
12533,HOROZ
12534,HOROZ
12535,HOROZ
12536,HOROZ
12537,HOROZ
12538,HOROZ
12539,HOROZ
12540,HOROZ
12541,HOROZ
12542,HOROZ
12543,HOROZ
12544,HOROZ
12545,HOROZ
12546,HOROZ
12547,HOROZ
12548,HOROZ
12549,HOROZ
12550,HOROZ
12551,HOROZ
12552,HOROZ
12553,HOROZ
12554,HOROZ
12555,HOROZ
12556,HOROZ
12557,HOROZ
12558,HOROZ
12559,HOROZ
12560,HOROZ
12561,HOROZ
12562,HOROZ
12563,HOROZ
12564,HOROZ
12565,HOROZ
12566,HOROZ
12567,HOROZ
12568,HOROZ
12569,HOROZ
12570,HOROZ
12571,HOROZ
12572,HOROZ
12573,HOROZ
12574,HOROZ
12575,HOROZ
12576,HOROZ
12577,HOROZ
12578,HOROZ
12579,HOROZ
12580,HOROZ
12581,HOROZ
12582,HOROZ
12583,HOROZ
12584,HOROZ
12585,HOROZ
12586,HOROZ
12587,HOROZ
12588,HOROZ
12589,HOROZ
12590,HOROZ
12591,HOROZ
12592,HOROZ
12593,HOROZ
12594,HOROZ
12595,HOROZ
12596,HOROZ
12597,HOROZ
12598,HOROZ
12599,HOROZ
12600,HOROZ
12601,HOROZ
12602,HOROZ
12603,HOROZ
12604,HOROZ
12605,HOROZ
12606,HOROZ
12607,HOROZ
12608,HOROZ
12609,HOROZ
12610,HOROZ
12611,HOROZ
12612,HOROZ
12613,HOROZ
12614,HOROZ
12615,HOROZ
12616,HOROZ
12617,HOROZ
12618,HOROZ
12619,HOROZ
12620,HOROZ
12621,HOROZ
12622,HOROZ
12623,HOROZ
12624,HOROZ
12625,HOROZ
12626,HOROZ
12627,HOROZ
12628,HOROZ
12629,HOROZ
12630,HOROZ
12631,HOROZ
12632,HOROZ
12633,HOROZ
12634,HOROZ
12635,HOROZ
12636,HOROZ
12637,HOROZ
12638,HOROZ
12639,HOROZ
12640,HOROZ
12641,HOROZ
12642,HOROZ
12643,HOROZ
12644,HOROZ
12645,HOROZ
12646,HOROZ
12647,HOROZ
12648,HOROZ
12649,HOROZ
12650,HOROZ
12651,HOROZ
12652,HOROZ
12653,HOROZ
12654,HOROZ
12655,HOROZ
12656,HOROZ
12657,HOROZ
12658,HOROZ
12659,HOROZ
12660,HOROZ
12661,HOROZ
12662,HOROZ
12663,HOROZ
12664,HOROZ
12665,HOROZ
12666,HOROZ
12667,HOROZ
12668,HOROZ
12669,HOROZ
12670,HOROZ
12671,HOROZ
12672,HOROZ
12673,HOROZ
12674,HOROZ
12675,HOROZ
12676,HOROZ
12677,HOROZ
12678,HOROZ
12679,HOROZ
12680,HOROZ
12681,HOROZ
12682,HOROZ
12683,HOROZ
12684,HOROZ
12685,HOROZ
12686,HOROZ
12687,HOROZ
12688,HOROZ
12689,HOROZ
12690,HOROZ
12691,HOROZ
12692,HOROZ
12693,HOROZ
12694,HOROZ
12695,HOROZ
12696,HOROZ
12697,HOROZ
12698,HOROZ
12699,HOROZ
12700,HOROZ
12701,HOROZ
12702,HOROZ
12703,HOROZ
12704,HOROZ
12705,HOROZ
12706,HOROZ
12707,HOROZ
12708,HOROZ
12709,HOROZ
12710,HOROZ
12711,HOROZ
12712,HOROZ
12713,HOROZ
12714,HOROZ
12715,HOROZ
12716,HOROZ
12717,HOROZ
12718,HOROZ
12719,HOROZ
12720,HOROZ
12721,HOROZ
12722,HOROZ
12723,HOROZ
12724,HOROZ
12725,HOROZ
12726,HOROZ
12727,HOROZ
12728,HOROZ
12729,HOROZ
12730,HOROZ
12731,HOROZ
12732,HOROZ
12733,HOROZ
12734,HOROZ
12735,HOROZ
12736,HOROZ
12737,HOROZ
12738,HOROZ
12739,HOROZ
12740,HOROZ
12741,HOROZ
12742,HOROZ
12743,HOROZ
12744,HOROZ
12745,HOROZ
12746,HOROZ
12747,HOROZ
12748,HOROZ
12749,HOROZ
12750,HOROZ
12751,HOROZ
12752,HOROZ
12753,HOROZ
12754,HOROZ
12755,HOROZ
12756,HOROZ
12757,HOROZ
12758,HOROZ
12759,HOROZ
12760,HOROZ
12761,HOROZ
12762,HOROZ
12763,HOROZ
12764,HOROZ
12765,HOROZ
12766,HOROZ
12767,HOROZ
12768,HOROZ
12769,HOROZ
12770,HOROZ
12771,HOROZ
12772,HOROZ
12773,HOROZ
12774,HOROZ
12775,HOROZ
12776,HOROZ
12777,HOROZ
12778,HOROZ
12779,HOROZ
12780,HOROZ
12781,HOROZ
12782,HOROZ
12783,HOROZ
12784,HOROZ
12785,HOROZ
12786,HOROZ
12787,HOROZ
12788,HOROZ
12789,HOROZ
12790,HOROZ
12791,HOROZ
12792,HOROZ
12793,HOROZ
12794,HOROZ
12795,HOROZ
12796,HOROZ
12797,HOROZ
12798,HOROZ
12799,HOROZ
12800,HOROZ
12801,HOROZ
12802,HOROZ
12803,HOROZ
12804,HOROZ
12805,HOROZ
12806,HOROZ
12807,HOROZ
12808,HOROZ
12809,HOROZ
12810,HOROZ
12811,HOROZ
12812,HOROZ
12813,HOROZ
12814,HOROZ
12815,HOROZ
12816,HOROZ
12817,HOROZ
12818,HOROZ
12819,HOROZ
12820,HOROZ
12821,HOROZ
12822,HOROZ
12823,HOROZ
12824,HOROZ
12825,HOROZ
12826,HOROZ
12827,HOROZ
12828,HOROZ
12829,HOROZ
12830,HOROZ
12831,HOROZ
12832,HOROZ
12833,HOROZ
12834,HOROZ
12835,HOROZ
12836,HOROZ
12837,HOROZ
12838,HOROZ
12839,HOROZ
12840,HOROZ
12841,HOROZ
12842,HOROZ
12843,HOROZ
12844,HOROZ
12845,HOROZ
12846,HOROZ
12847,HOROZ
12848,HOROZ
12849,HOROZ
12850,HOROZ
12851,HOROZ
12852,HOROZ
12853,HOROZ
12854,HOROZ
12855,HOROZ
12856,HOROZ
12857,HOROZ
12858,HOROZ
12859,HOROZ
12860,HOROZ
12861,HOROZ
12862,HOROZ
12863,HOROZ
12864,HOROZ
12865,HOROZ
12866,HOROZ
12867,HOROZ
12868,HOROZ
12869,HOROZ
12870,HOROZ
12871,HOROZ
12872,HOROZ
12873,HOROZ
12874,HOROZ
12875,HOROZ
12876,HOROZ
12877,HOROZ
12878,HOROZ
12879,HOROZ
12880,HOROZ
12881,HOROZ
12882,HOROZ
12883,HOROZ
12884,HOROZ
12885,HOROZ
12886,HOROZ
12887,HOROZ
12888,HOROZ
12889,HOROZ
12890,HOROZ
12891,HOROZ
12892,HOROZ
12893,HOROZ
12894,HOROZ
12895,HOROZ
12896,HOROZ
12897,HOROZ
12898,HOROZ
12899,HOROZ
12900,HOROZ
12901,HOROZ
12902,HOROZ
12903,HOROZ
12904,HOROZ
12905,HOROZ
12906,HOROZ
12907,HOROZ
12908,HOROZ
12909,HOROZ
12910,HOROZ
12911,HOROZ
12912,HOROZ
12913,HOROZ
12914,HOROZ
12915,HOROZ
12916,HOROZ
12917,HOROZ
12918,HOROZ
12919,HOROZ
12920,HOROZ
12921,HOROZ
12922,HOROZ
12923,HOROZ
12924,HOROZ
12925,HOROZ
12926,HOROZ
12927,HOROZ
12928,HOROZ
12929,HOROZ
12930,HOROZ
12931,HOROZ
12932,HOROZ
12933,HOROZ
12934,HOROZ
12935,HOROZ
12936,HOROZ
12937,HOROZ
12938,HOROZ
12939,HOROZ
12940,HOROZ
12941,HOROZ
12942,HOROZ
12943,HOROZ
12944,HOROZ
12945,HOROZ
12946,HOROZ
12947,HOROZ
12948,HOROZ
12949,HOROZ
12950,HOROZ
12951,HOROZ
12952,HOROZ
12953,HOROZ
12954,HOROZ
12955,HOROZ
12956,HOROZ
12957,HOROZ
12958,HOROZ
12959,HOROZ
12960,HOROZ
12961,HOROZ
12962,HOROZ
12963,HOROZ
12964,HOROZ
12965,HOROZ
12966,HOROZ
12967,HOROZ
12968,HOROZ
12969,HOROZ
12970,HOROZ
12971,HOROZ
12972,HOROZ
12973,HOROZ
12974,HOROZ
12975,HOROZ
12976,HOROZ
12977,HOROZ
12978,HOROZ
12979,HOROZ
12980,HOROZ
12981,HOROZ
12982,HOROZ
12983,HOROZ
12984,HOROZ
12985,HOROZ
12986,HOROZ
12987,HOROZ
12988,HOROZ
12989,HOROZ
12990,HOROZ
12991,HOROZ
12992,HOROZ
12993,HOROZ
12994,HOROZ
12995,HOROZ
12996,HOROZ
12997,HOROZ
12998,HOROZ
12999,HOROZ
13000,HOROZ
13001,HOROZ
13002,HOROZ
13003,HOROZ
13004,HOROZ
13005,HOROZ
13006,HOROZ
13007,HOROZ
13008,HOROZ
13009,HOROZ
13010,HOROZ
13011,HOROZ
13012,HOROZ
13013,HOROZ
13014,HOROZ
13015,HOROZ
13016,HOROZ
13017,HOROZ
13018,HOROZ
13019,HOROZ
13020,HOROZ
13021,HOROZ
13022,HOROZ
13023,HOROZ
13024,HOROZ
13025,HOROZ
13026,HOROZ
13027,HOROZ
13028,HOROZ
13029,HOROZ
13030,HOROZ
13031,HOROZ
13032,HOROZ
13033,HOROZ
13034,HOROZ
13035,HOROZ
13036,HOROZ
13037,HOROZ
13038,HOROZ
13039,HOROZ
13040,HOROZ
13041,HOROZ
13042,HOROZ
13043,HOROZ
13044,HOROZ
13045,HOROZ
13046,HOROZ
13047,HOROZ
13048,HOROZ
13049,HOROZ
13050,HOROZ
13051,HOROZ
13052,HOROZ
13053,HOROZ
13054,HOROZ
13055,HOROZ
13056,HOROZ
13057,HOROZ
13058,HOROZ
13059,HOROZ
13060,HOROZ
13061,HOROZ
13062,HOROZ
13063,HOROZ
13064,HOROZ
13065,HOROZ
13066,HOROZ
13067,HOROZ
13068,HOROZ
13069,HOROZ
13070,HOROZ
13071,HOROZ
13072,HOROZ
13073,HOROZ
13074,HOROZ
13075,HOROZ
13076,HOROZ
13077,HOROZ
13078,HOROZ
13079,HOROZ
13080,HOROZ
13081,HOROZ
13082,HOROZ
13083,HOROZ
13084,HOROZ
13085,HOROZ
13086,HOROZ
13087,HOROZ
13088,HOROZ
13089,HOROZ
13090,HOROZ
13091,HOROZ
13092,HOROZ
13093,HOROZ
13094,HOROZ
13095,HOROZ
13096,HOROZ
13097,HOROZ
13098,HOROZ
13099,HOROZ
13100,HOROZ
13101,HOROZ
13102,HOROZ
13103,HOROZ
13104,HOROZ
13105,HOROZ
13106,HOROZ
13107,HOROZ
13108,HOROZ
13109,HOROZ
13110,HOROZ
13111,HOROZ
13112,HOROZ
13113,HOROZ
13114,HOROZ
13115,HOROZ
13116,HOROZ
13117,HOROZ
13118,HOROZ
13119,HOROZ
13120,HOROZ
13121,HOROZ
13122,HOROZ
13123,HOROZ
13124,HOROZ
13125,HOROZ
13126,HOROZ
13127,HOROZ
13128,HOROZ
13129,HOROZ
13130,HOROZ
13131,HOROZ
13132,HOROZ
13133,HOROZ
13134,HOROZ
13135,HOROZ
13136,HOROZ
13137,HOROZ
13138,HOROZ
13139,HOROZ
13140,HOROZ
13141,HOROZ
13142,HOROZ
13143,HOROZ
13144,HOROZ
13145,HOROZ
13146,HOROZ
13147,HOROZ
13148,HOROZ
13149,HOROZ
13150,HOROZ
13151,HOROZ
13152,HOROZ
13153,HOROZ
13154,HOROZ
13155,HOROZ
13156,HOROZ
13157,HOROZ
13158,HOROZ
13159,HOROZ
13160,HOROZ
13161,HOROZ
13162,HOROZ
13163,HOROZ
13164,HOROZ
13165,HOROZ
13166,HOROZ
13167,HOROZ
13168,HOROZ
13169,HOROZ
13170,HOROZ
13171,HOROZ
13172,HOROZ
13173,HOROZ
13174,HOROZ
13175,HOROZ
13176,HOROZ
13177,HOROZ
13178,HOROZ
13179,HOROZ
13180,HOROZ
13181,HOROZ
13182,HOROZ
13183,HOROZ
13184,HOROZ
13185,HOROZ
13186,HOROZ
13187,HOROZ
13188,HOROZ
13189,HOROZ
13190,HOROZ
13191,HOROZ
13192,HOROZ
13193,HOROZ
13194,HOROZ
13195,HOROZ
13196,HOROZ
13197,HOROZ
13198,HOROZ
13199,HOROZ
13200,HOROZ
13201,HOROZ
13202,HOROZ
13203,HOROZ
13204,HOROZ
13205,HOROZ
13206,HOROZ
13207,HOROZ
13208,HOROZ
13209,HOROZ
13210,HOROZ
13211,HOROZ
13212,HOROZ
13213,HOROZ
13214,HOROZ
13215,HOROZ
13216,HOROZ
13217,HOROZ
13218,HOROZ
13219,HOROZ
13220,HOROZ
13221,HOROZ
13222,HOROZ
13223,HOROZ
13224,HOROZ
13225,HOROZ
13226,HOROZ
13227,HOROZ
13228,HOROZ
13229,HOROZ
13230,HOROZ
13231,HOROZ
13232,HOROZ
13233,HOROZ
13234,HOROZ
13235,HOROZ
13236,HOROZ
13237,HOROZ
13238,HOROZ
13239,HOROZ
13240,HOROZ
13241,HOROZ
13242,HOROZ
13243,HOROZ
13244,HOROZ
13245,HOROZ
13246,HOROZ
13247,HOROZ
13248,HOROZ
13249,HOROZ
13250,HOROZ
13251,HOROZ
13252,HOROZ
13253,HOROZ
13254,HOROZ
13255,HOROZ
13256,HOROZ
13257,HOROZ
13258,HOROZ
13259,HOROZ
13260,HOROZ
13261,HOROZ
13262,HOROZ
13263,HOROZ
13264,HOROZ
13265,HOROZ
13266,HOROZ
13267,HOROZ
13268,HOROZ
13269,HOROZ
13270,HOROZ
13271,HOROZ
13272,HOROZ
13273,HOROZ
13274,HOROZ
13275,HOROZ
13276,HOROZ
13277,HOROZ
13278,HOROZ
13279,HOROZ
13280,HOROZ
13281,HOROZ
13282,HOROZ
13283,HOROZ
13284,HOROZ
13285,HOROZ
13286,HOROZ
13287,HOROZ
13288,HOROZ
13289,HOROZ
13290,HOROZ
13291,HOROZ
13292,HOROZ
13293,HOROZ
13294,HOROZ
13295,HOROZ
13296,HOROZ
13297,HOROZ
13298,HOROZ
13299,HOROZ
13300,HOROZ
13301,HOROZ
13302,HOROZ
13303,HOROZ
13304,HOROZ
13305,HOROZ
13306,HOROZ
13307,HOROZ
13308,HOROZ
13309,HOROZ
13310,HOROZ
13311,HOROZ
13312,HOROZ
13313,HOROZ
13314,HOROZ
13315,HOROZ
13316,HOROZ
13317,HOROZ
13318,HOROZ
13319,HOROZ
13320,HOROZ
13321,HOROZ
13322,HOROZ
13323,HOROZ
13324,HOROZ
13325,HOROZ
13326,HOROZ
13327,HOROZ
13328,HOROZ
13329,HOROZ
13330,HOROZ
13331,HOROZ
13332,HOROZ
13333,HOROZ
13334,HOROZ
13335,HOROZ
13336,HOROZ
13337,HOROZ
13338,HOROZ
13339,HOROZ
13340,HOROZ
13341,HOROZ
13342,HOROZ
13343,HOROZ
13344,HOROZ
13345,HOROZ
13346,HOROZ
13347,HOROZ
13348,HOROZ
13349,HOROZ
13350,HOROZ
13351,HOROZ
13352,HOROZ
13353,HOROZ
13354,HOROZ
13355,HOROZ
13356,HOROZ
13357,HOROZ
13358,HOROZ
13359,HOROZ
13360,HOROZ
13361,HOROZ
13362,HOROZ
13363,HOROZ
13364,HOROZ
13365,HOROZ
13366,HOROZ
13367,HOROZ
13368,HOROZ
13369,HOROZ
13370,HOROZ
13371,HOROZ
13372,HOROZ
13373,HOROZ
13374,HOROZ
13375,HOROZ
13376,HOROZ
13377,HOROZ
13378,HOROZ
13379,HOROZ
13380,HOROZ
13381,HOROZ
13382,HOROZ
13383,HOROZ
13384,HOROZ
13385,HOROZ
13386,HOROZ
13387,HOROZ
13388,HOROZ
13389,HOROZ
13390,HOROZ
13391,HOROZ
13392,HOROZ
13393,HOROZ
13394,HOROZ
13395,HOROZ
13396,HOROZ
13397,HOROZ
13398,HOROZ
13399,HOROZ
13400,HOROZ
13401,HOROZ
13402,HOROZ
13403,HOROZ
13404,HOROZ
13405,HOROZ
13406,HOROZ
13407,HOROZ
13408,HOROZ
13409,HOROZ
13410,HOROZ
13411,HOROZ
13412,HOROZ
13413,HOROZ
13414,HOROZ
13415,HOROZ
13416,HOROZ
13417,HOROZ
13418,HOROZ
13419,HOROZ
13420,HOROZ
13421,HOROZ
13422,HOROZ
13423,HOROZ
13424,HOROZ
13425,HOROZ
13426,HOROZ
13427,HOROZ
13428,HOROZ
13429,HOROZ
13430,HOROZ
13431,HOROZ
13432,HOROZ
13433,HOROZ
13434,HOROZ
13435,HOROZ
13436,HOROZ
13437,HOROZ
13438,HOROZ
13439,HOROZ
13440,HOROZ
13441,HOROZ
13442,HOROZ
13443,HOROZ
13444,HOROZ
13445,HOROZ
13446,HOROZ
13447,HOROZ
13448,HOROZ
13449,HOROZ
13450,HOROZ
13451,HOROZ
13452,HOROZ
13453,HOROZ
13454,HOROZ
13455,HOROZ
13456,HOROZ
13457,HOROZ
13458,HOROZ
13459,HOROZ
13460,HOROZ
13461,HOROZ
13462,HOROZ
13463,HOROZ
13464,HOROZ
13465,HOROZ
13466,HOROZ
13467,HOROZ
13468,HOROZ
13469,HOROZ
13470,HOROZ
13471,HOROZ
13472,HOROZ
13473,HOROZ
13474,HOROZ
13475,HOROZ
13476,HOROZ
13477,HOROZ
13478,HOROZ
13479,HOROZ
13480,HOROZ
13481,HOROZ
13482,HOROZ
13483,HOROZ
13484,HOROZ
13485,HOROZ
13486,HOROZ
13487,HOROZ
13488,HOROZ
13489,HOROZ
13490,HOROZ
13491,HOROZ
13492,HOROZ
13493,HOROZ
13494,HOROZ
13495,HOROZ
13496,HOROZ
13497,HOROZ
13498,HOROZ
13499,HOROZ
13500,HOROZ
13501,HOROZ
13502,HOROZ
13503,HOROZ
13504,HOROZ
13505,HOROZ
13506,HOROZ
13507,HOROZ
13508,HOROZ
13509,HOROZ
13510,HOROZ
13511,HOROZ
13512,HOROZ
13513,HOROZ
13514,HOROZ
13515,HOROZ
13516,HOROZ
13517,HOROZ
13518,HOROZ
13519,HOROZ
13520,HOROZ
13521,HOROZ
13522,HOROZ
13523,HOROZ
13524,HOROZ
13525,HOROZ
13526,HOROZ
13527,HOROZ
13528,HOROZ
13529,HOROZ
13530,HOROZ
13531,HOROZ
13532,HOROZ
13533,HOROZ
13534,HOROZ
13535,HOROZ
13536,HOROZ
13537,HOROZ
13538,HOROZ
13539,HOROZ
13540,HOROZ
13541,HOROZ
13542,HOROZ
